,glasser
7Networks_LH_Vis_1,VMV1_L
7Networks_LH_Vis_2,V4_L
7Networks_LH_Vis_3,PH_L
7Networks_LH_Vis_4,V2_L
7Networks_LH_Vis_5,V1_L
7Networks_LH_Vis_6,ProS_L
7Networks_LH_Vis_7,V1_L
7Networks_LH_Vis_8,MT_L
7Networks_LH_Vis_9,V3_L
7Networks_LH_Vis_10,V1_L
7Networks_LH_Vis_11,V3CD_L
7Networks_LH_Vis_12,V6_L
7Networks_LH_Vis_13,V3_L
7Networks_LH_Vis_14,V3A_L
7Networks_LH_SomMot_1,TA2_L
7Networks_LH_SomMot_2,A1_L
7Networks_LH_SomMot_3,Ig_L
7Networks_LH_SomMot_4,OP4_L
7Networks_LH_SomMot_5,OP1_L
7Networks_LH_SomMot_6,4_L
7Networks_LH_SomMot_7,FEF_L
7Networks_LH_SomMot_8,24dd_L
7Networks_LH_SomMot_9,1_L
7Networks_LH_SomMot_10,3b_L
7Networks_LH_SomMot_11,7AL_L
7Networks_LH_SomMot_12,6d_L
7Networks_LH_SomMot_13,2_L
7Networks_LH_SomMot_14,6mp_L
7Networks_LH_SomMot_15,5m_L
7Networks_LH_SomMot_16,3b_L
7Networks_LH_DorsAttn_Post_1,TE2p_L
7Networks_LH_DorsAttn_Post_2,PHT_L
7Networks_LH_DorsAttn_Post_3,MIP_L
7Networks_LH_DorsAttn_Post_4,PFt_L
7Networks_LH_DorsAttn_Post_5,2_L
7Networks_LH_DorsAttn_Post_6,LIPv_L
7Networks_LH_DorsAttn_Post_7,7PL_L
7Networks_LH_DorsAttn_Post_8,VIP_L
7Networks_LH_DorsAttn_Post_9,7Am_L
7Networks_LH_DorsAttn_Post_10,7AL_L
7Networks_LH_DorsAttn_FEF_1,6a_L
7Networks_LH_DorsAttn_FEF_2,6ma_L
7Networks_LH_DorsAttn_PrCv_1,IFJp_L
7Networks_LH_SalVentAttn_ParOper_1,PSL_L
7Networks_LH_SalVentAttn_ParOper_2,PFop_L
7Networks_LH_SalVentAttn_ParOper_3,PF_L
7Networks_LH_SalVentAttn_FrOperIns_1,PoI2_L
7Networks_LH_SalVentAttn_FrOperIns_2,FOP5_L
7Networks_LH_SalVentAttn_FrOperIns_3,FOP3_L
7Networks_LH_SalVentAttn_FrOperIns_4,6r_L
7Networks_LH_SalVentAttn_PFCl_1,9a_L
7Networks_LH_SalVentAttn_Med_1,p24pr_L
7Networks_LH_SalVentAttn_Med_2,23c_L
7Networks_LH_SalVentAttn_Med_3,SCEF_L
7Networks_LH_Limbic_OFC_1,13l_L
7Networks_LH_Limbic_OFC_2,10v_L
7Networks_LH_Limbic_TempPole_1,PeEc_L
7Networks_LH_Limbic_TempPole_2,TF_L
7Networks_LH_Limbic_TempPole_3,TGd_L
7Networks_LH_Limbic_TempPole_4,Pir_L
7Networks_LH_Cont_Par_1,PFm_L
7Networks_LH_Cont_Par_2,IP1_L
7Networks_LH_Cont_Par_3,AIP_L
7Networks_LH_Cont_Temp_1,TE1p_L
7Networks_LH_Cont_OFC_1,11l_L
7Networks_LH_Cont_PFCl_1,a47r_L
7Networks_LH_Cont_PFCl_2,p10p_L
7Networks_LH_Cont_PFCl_3,46_L
7Networks_LH_Cont_PFCl_4,8C_L
7Networks_LH_Cont_PFCl_5,55b_L
7Networks_LH_Cont_pCun_1,POS2_L
7Networks_LH_Cont_Cing_1,RSC_L
7Networks_LH_Cont_Cing_2,33pr_L
7Networks_LH_Default_Temp_1,TGd_L
7Networks_LH_Default_Temp_2,TE1a_L
7Networks_LH_Default_Temp_3,STSda_L
7Networks_LH_Default_Temp_4,STSdp_L
7Networks_LH_Default_Temp_5,TPOJ1_L
7Networks_LH_Default_Par_1,PGi_L
7Networks_LH_Default_Par_2,PGs_L
7Networks_LH_Default_Par_3,PFm_L
7Networks_LH_Default_Par_4,PGs_L
7Networks_LH_Default_PFC_1,47s_L
7Networks_LH_Default_PFC_2,a24_L
7Networks_LH_Default_PFC_3,47l_L
7Networks_LH_Default_PFC_4,10d_L
7Networks_LH_Default_PFC_5,45_L
7Networks_LH_Default_PFC_6,a24_L
7Networks_LH_Default_PFC_7,9m_L
7Networks_LH_Default_PFC_8,p24_L
7Networks_LH_Default_PFC_9,8BL_L
7Networks_LH_Default_PFC_10,8BM_L
7Networks_LH_Default_PFC_11,8Av_L
7Networks_LH_Default_PFC_12,s6-8_L
7Networks_LH_Default_PFC_13,SFL_L
7Networks_LH_Default_pCunPCC_1,POS1_L
7Networks_LH_Default_pCunPCC_2,7m_L
7Networks_LH_Default_pCunPCC_3,23d_L
7Networks_LH_Default_pCunPCC_4,PCV_L
7Networks_LH_Default_PHC_1,PHA1_L
7Networks_RH_Vis_1,TF_R
7Networks_RH_Vis_2,PHA2_R
7Networks_RH_Vis_3,V4_R
7Networks_RH_Vis_4,VMV1_R
7Networks_RH_Vis_5,PH_R
7Networks_RH_Vis_6,V1_R
7Networks_RH_Vis_7,ProS_R
7Networks_RH_Vis_8,V4_R
7Networks_RH_Vis_9,V1_R
7Networks_RH_Vis_10,ProS_R
7Networks_RH_Vis_11,LO3_R
7Networks_RH_Vis_12,V3A_R
7Networks_RH_Vis_13,V6_R
7Networks_RH_Vis_14,V6A_R
7Networks_RH_Vis_15,IP0_R
7Networks_RH_SomMot_1,PBelt_R
7Networks_RH_SomMot_2,A4_R
7Networks_RH_SomMot_3,OP2-3_R
7Networks_RH_SomMot_4,PFcm_R
7Networks_RH_SomMot_5,43_R
7Networks_RH_SomMot_6,OP4_R
7Networks_RH_SomMot_7,6v_R
7Networks_RH_SomMot_8,23c_R
7Networks_RH_SomMot_9,1_R
7Networks_RH_SomMot_10,FEF_R
7Networks_RH_SomMot_11,24dd_R
7Networks_RH_SomMot_12,1_R
7Networks_RH_SomMot_13,7PC_R
7Networks_RH_SomMot_14,6d_R
7Networks_RH_SomMot_15,1_R
7Networks_RH_SomMot_16,6mp_R
7Networks_RH_SomMot_17,5L_R
7Networks_RH_SomMot_18,4_R
7Networks_RH_SomMot_19,3b_R
7Networks_RH_DorsAttn_Post_1,PH_R
7Networks_RH_DorsAttn_Post_2,TPOJ2_R
7Networks_RH_DorsAttn_Post_3,PFop_R
7Networks_RH_DorsAttn_Post_4,AIP_R
7Networks_RH_DorsAttn_Post_5,2_R
7Networks_RH_DorsAttn_Post_6,7PL_R
7Networks_RH_DorsAttn_Post_7,AIP_R
7Networks_RH_DorsAttn_Post_8,7PC_R
7Networks_RH_DorsAttn_Post_9,7Am_R
7Networks_RH_DorsAttn_Post_10,7AL_R
7Networks_RH_DorsAttn_FEF_1,FEF_R
7Networks_RH_DorsAttn_FEF_2,i6-8_R
7Networks_RH_DorsAttn_PrCv_1,6r_R
7Networks_RH_SalVentAttn_TempOccPar_1,STV_R
7Networks_RH_SalVentAttn_TempOccPar_2,PSL_R
7Networks_RH_SalVentAttn_TempOccPar_3,PF_R
7Networks_RH_SalVentAttn_PrC_1,55b_R
7Networks_RH_SalVentAttn_FrOperIns_1,PI_R
7Networks_RH_SalVentAttn_FrOperIns_2,TA2_R
7Networks_RH_SalVentAttn_FrOperIns_3,FOP5_R
7Networks_RH_SalVentAttn_FrOperIns_4,FOP1_R
7Networks_RH_SalVentAttn_Med_1,p32pr_R
7Networks_RH_SalVentAttn_Med_2,5mv_R
7Networks_RH_SalVentAttn_Med_3,6ma_R
7Networks_RH_Limbic_OFC_1,10pp_R
7Networks_RH_Limbic_OFC_2,47s_R
7Networks_RH_Limbic_OFC_3,10pp_R
7Networks_RH_Limbic_TempPole_1,TGd_R
7Networks_RH_Limbic_TempPole_2,TE2a_R
7Networks_RH_Limbic_TempPole_3,PeEc_R
7Networks_RH_Cont_Par_1,PF_R
7Networks_RH_Cont_Par_2,PFm_R
7Networks_RH_Cont_Par_3,PGs_R
7Networks_RH_Cont_Temp_1,TE1p_R
7Networks_RH_Cont_PFCv_1,AVI_R
7Networks_RH_Cont_PFCl_1,a47r_R
7Networks_RH_Cont_PFCl_2,p10p_R
7Networks_RH_Cont_PFCl_3,a9-46v_R
7Networks_RH_Cont_PFCl_4,p9-46v_R
7Networks_RH_Cont_PFCl_5,9-46d_R
7Networks_RH_Cont_PFCl_6,p9-46v_R
7Networks_RH_Cont_PFCl_7,8Av_R
7Networks_RH_Cont_pCun_1,POS2_R
7Networks_RH_Cont_Cing_1,23d_R
7Networks_RH_Cont_Cing_2,23d_R
7Networks_RH_Cont_PFCmp_1,a32pr_R
7Networks_RH_Cont_PFCmp_2,8BM_R
7Networks_RH_Default_Par_1,PGi_R
7Networks_RH_Default_Par_2,PFm_R
7Networks_RH_Default_Par_3,PFm_R
7Networks_RH_Default_Temp_1,TGd_R
7Networks_RH_Default_Temp_2,TE1a_R
7Networks_RH_Default_Temp_3,STSda_R
7Networks_RH_Default_Temp_4,STSvp_R
7Networks_RH_Default_Temp_5,STSdp_R
7Networks_RH_Default_PFCv_1,45_R
7Networks_RH_Default_PFCdPFCm_1,OFC_R
7Networks_RH_Default_PFCdPFCm_2,p32_R
7Networks_RH_Default_PFCdPFCm_3,p24_R
7Networks_RH_Default_PFCdPFCm_4,9m_R
7Networks_RH_Default_PFCdPFCm_5,8BL_R
7Networks_RH_Default_PFCdPFCm_6,8Av_R
7Networks_RH_Default_PFCdPFCm_7,8Ad_R
7Networks_RH_Default_pCunPCC_1,POS1_R
7Networks_RH_Default_pCunPCC_2,31pv_R
7Networks_RH_Default_pCunPCC_3,7Pm_R
